,
Company,Careers Page URL
ABL Schools,https://www.ablschools.com/careers/
Accelerate Learning,https://www.acceleratelearning.com/careers/
Amira Learning,https://www.amiralearning.com/careers/
AnswersNow,https://jobs.ashbyhq.com/answersnow
Apna,https://apna.co/careers
Authentica Solutions,https://www.authenticasolutions.com/careers
Authoritive,https://www.authoritive.com/careers
BenchPrep,https://job-boards.greenhouse.io/benchprep
BetterLesson,https://betterlesson.com/about-us/careers
Bling!,https://blingfi.com/careers
BorderPlus,https://www.borderplus.com/careers
Brisk Teaching,https://jobs.ashbyhq.com/brisk-teaching
Class Technologies,https://class.com/careers/
Classplus,https://classplus.co/careers
Cloudforce,https://gocloudforce.com/careers/
Coala,https://coala.com/careers
DeepHow,https://www.deephow.com/careers
Degreed,https://job-boards.greenhouse.io/degreed
Derivita,https://www.derivita.com/careers
DeweyLearn,https://www.deweylearn.com/careers
Discovery Education,https://www.discoveryeducation.com/company/careers/
Ethiqly,https://www.ethiqly.com/careers
Fiveable,https://fiveable.me/careers
Fizz,https://www.joinfizz.com/careers
Futre,https://futre.app/careers
Galena,https://galena.com/careers
Gather,https://www.gather.town/careers
Genially,https://genial.ly/jobs/
Greenlight,https://greenlightcard.com/careers
Hazel Health,https://job-boards.greenhouse.io/hazel
Honorlock,https://honorlock.com/careers/
Hoytrabajas,https://hoytrabajas.com/careers
Ignite Reading,https://www.ignitereading.com/careers
Interplay Learning,https://www.interplaylearning.com/company/careers
Jotit,https://jotit.com/careers
Kiddom,https://jobs.lever.co/kiddom
Kuali,https://kuali.com/about/jobs/
Kyron Learning,https://www.kyronlearning.com/careers
Labster,https://www.labster.com/careers/
LeapFinance / Leap Scholar,https://www.leapscholar.com/careers
Letrus,https://letrus.com.br/carreiras
LingoAce,https://www.lingoace.com/join-us/
Linus,https://linushealth.com/careers
MasterClass,https://www.masterclass.com/careers
Maximal Learning,https://maximallearning.com/careers
Mighty Networks,https://www.mightynetworks.com/careers
Morressier,https://morressier.com/careers/
Newsela,https://job-boards.greenhouse.io/newsela
Noodle (Partners),https://www.noodle.com/about/careers
Novakid,https://www.novakidschool.com/careers/
Panorama Education,https://job-boards.greenhouse.io/panoramaed
ParentSquare,https://www.parentsquare.com/careers/
Preply,https://preply.com/en/careers
Quizlet,https://preply.com/en/careers
Raftr,https://quizlet.com/careers
RaiseMe,https://www.raftr.com/careers
Rebel Girls,https://www.raise.me/careers
Schemata,https://rebelgirls.com/pages/careers
Securly,https://www.schemata.com/careers
Sizzle,https://www.securly.com/careers/
Smalt,https://sizzle.ai/careers
Speechify,https://smalt.com/careers
SplashLearn,https://job-boards.greenhouse.io/speechify
Starbridge,https://www.splashlearn.com/careers
STASH,https://www.starbridge.org/careers
StudyFetch,https://www.stash.com/careers/
Subject,https://www.studyfetch.com/careers
SV Academy,https://www.subject.com/careers
Swing Education,https://svacademy.org/careers
Thrive Global,https://www.swingeducation.com/careers/
Thunkable,https://thriveglobal.com/careers/
ubiMaster,https://thunkable.com/careers
UBITS,https://ubimaster.com/careers
uLesson,https://www.ubits.com/en/careers
Untapped,https://ulesson.com/careers
Vaia (StudySmarter),https://www.untapped.io/careers
Welcome Tech,https://www.vaia.com/en-us/careers/
,https://welcometech.com/about/careers/