companyName,title,jobFunction,descriptionText,location,salary,salaryInfo/0,salaryInfo/1,seniorityLevel,postedAt,companyDescription,companyWebsite,industries,applicantsCount,link
NYC Health + Hospitals,Assistant Vice President of Pharmacy Operations,Management and Manufacturing,"Marketing StatementNYC Health + Hospitals is the largest public health care system in the United States. We provide essential outpatient, inpatient and home-based services to more than one million New Yorkers every year across the city’s five boroughs. Our large health system consists of ambulatory centers, acute care centers, post-acute care/long-term care, rehabilitation programs, Home Care, and Correctional Health Services. Our diverse workforce is uniquely focused on empowering New Yorkers.At NYC Health + Hospitals, our mission is to deliver high quality care health services, without exception. Every employee takes a person-centered approach that exemplifies the ICARE values (Integrity, Compassion, Accountability, Respect, and Excellence) through empathic communication and partnerships between all persons.Duties & ResponsibilitiesThe AVP, Pharmacy Operations will be an integral member of the executive leadership team, directly contributing to the development and execution of system-wide initiatives. Reporting to the Senior Vice President, this role requires a results-driven leader who will manage a broad range of responsibilities, including strategic planning, operational performance, staff development, and financial management. The AVP will work closely with senior leadership, hospital administrators, clinical departments, and various stakeholders to optimize pharmacy services, drive operational efficiencies, and improve patient outcomes.Summary Of Essential Duties And ResponsibilitiesStrategic Planning:Spearhead the creation and implementation of strategic initiatives across the Health System, focusing on both clinical and non-clinical pharmacy operations. Collaborate with senior leadership to align pharmacy services with the system’s long-term vision and goalsDevelop forward-thinking models for pharmaceutical care management that enhance patient safety, medication access, and overall patient outcomes. Lead efforts to maximize market share and identify growth opportunities through service expansion and business developmentLead the identification and execution of technological upgrades and innovations that support pharmacy operations. Drive the integration of advanced systems, such as CPOE, Automated Dispensing Cabinets, and Bar-coded Medication Administration, to improve medication safety and operational efficiencies across the systemEstablish and lead strategic initiatives focused on medication safety, ensuring a culture of safety across all levels of pharmacy operations. Participate in organization-wide medication safety planning and activities to continuously reduce risk and improve patient careOperational Performance:Assume full accountability for the execution and management of all pharmacy services across the Health System. Ensure seamless integration of pharmacy care with clinical care pathways, optimizing pharmacy workflows, and maintaining continuous improvements in pharmacy operations to deliver exceptional patient outcomesDevelop and implement robust systems and processes to ensure patient access to safe, affordable, and timely medications. Collaborate with pharmacy teams and interdisciplinary care teams to eliminate barriers to medication access, improve medication therapy management, and ensure patients receive the right medications at the right timePromote a culture of operational excellence by identifying inefficiencies in existing processes and leading initiatives to redesign and streamline workflows. Utilize process improvement methodologies to enhance service quality, reduce costs, waste, and operational bottlenecks. Oversee the implementation of best practices across all pharmacy departments to ensure consistency and high levels of performanceDirect the development and deployment of advanced inventory management systems to optimize the procurement, distribution, and use of pharmaceuticals across the system. Ensure medication stock levels are effectively managed to prevent shortages and overstock situations while adhering to regulatory compliance standards. Leverage data analytics to forecast demand accurately and proactively manage inventory at both the system and hospital levelsEstablish and monitor key performance indicators (KPIs) related to pharmacy operations, including medication error rates, prescription turnaround times, patient satisfaction scores, inventory turnover rates, and cost control measures. Use data-driven insights to identify areas for improvement and implement corrective actions. Regularly report performance results to senior leadership, providing recommendations to enhance operational effectivenessContinuously evaluate the operational landscape to identify opportunities for service expansion, including new pharmacy services, satellite pharmacy locations, or enhanced delivery models. Develop comprehensive business cases and work collaboratively with leadership teams to implement new services that align with the Health System’s strategic goals and improve overall operational capabilitiesFacilitate collaboration and communication between pharmacy departments, clinical teams, nursing, medical staff, and leadership to ensure the efficient delivery of pharmacy services. Engage with multidisciplinary teams to design and implement care models that maximize efficiency, safety, and patient satisfaction. Act as a liaison between operational teams to ensure alignment and successful implementation of system-wide pharmacy initiativesOversee the development and implementation of policies and procedures that ensure pharmacy operations comply with federal, state, and local regulations. Regularly audit pharmacy practices and procedures to ensure compliance with regulatory standards, safety protocols, and accreditation requirements. Ensure all pharmacies are prepared for inspections, audits, and accreditation reviewsOversee the allocation of pharmacy resources, including staffing, equipment, and technology. Work closely with department leaders to ensure resources are optimally deployed, staffing levels are aligned with patient volume and operational needs, and pharmacy teams are adequately trained to meet the evolving demands of the Health SystemFoster a system-wide commitment to continuous improvement by initiating and overseeing quality improvement projects focused on pharmacy services. Lead initiatives aimed at reducing medication errors, enhancing medication safety, improving patient satisfaction, and increasing operational efficiency. Promote a culture of ongoing learning and adaptation to ensure pharmacy services evolve in line with industry best practicesStaff Development:Ensure staff are prepared to meet organizational goalsPromote a collaborative, team-oriented environment across pharmacy teams, clinical departments, and other stakeholders. Ensure alignment of pharmacy department goals with the broader Health System’s prioritiesFinancial Management:Oversee the financial performance of pharmacy operations, including budgeting, forecasting, and cost control measures. Work closely with senior leadership to implement financial strategies that reduce costs while maintaining high-quality care standardsLead the development and execution of departmental budgets. Conduct regular financial reviews to ensure pharmacy expenditures align with the Health System’s financial objectives. Provide actionable insights to reduce costs and optimize resource allocationMinimum QualificationsMaster's degree from an accredited college or university in Hospital, Business or Public Administration, Health Care Planning or a related discipline; and five (5) years of progressively responsible experience in health and medical service administration, public administration, personnel and labor relations, finance or an appropriate functional discipline with an emphasis on planning, liaison and inter-organizational relationships or related administrative or managerial functions; orBachelor’s degree from an accredited college or university in disciplines, as listed in #1 above; and six (6) years of progressively responsible experience, as described in #1 above; orSatisfactory equivalent combination of education, training and experience. However, all candidates must have a minimum of a Bachelor’s degree in disciplines, as listed in #1 above.Department PreferencesNew York State (NYS) Licensed Pharmacist (RPh) requiredDoctor of Pharmacy (PharmD); MBA or advanced degree in healthcare administration10+ years of experience in pharmacy operations, with at least 5 years in a senior leadership roleStrong academic background with a focus in pharmaceutical sciences, business, or healthcare managementExperience working for a hospital system and specialized knowledge and experience with multi-disciplinary team collaboration and project management in a clinical environment.In-depth knowledge of clinical and operational pharmacy practices, including medication therapy management, inventory control, and medication safety protocolsExpertise in healthcare regulations, including FDA, DEA, and state pharmacy laws and complianceComprehensive understanding of pharmacy operations and systems integrationStrong leadership skills with the ability to influence at all organizational levelsAdvanced knowledge of strategic planning, financial management, and healthcare operational efficiencyProficient in healthcare IT systems such as EPIC and pharmacy management softwareAdvanced Excel skills for data analysis and financial forecasting; familiarity with ERP systemsProven track record of managing large-scale pharmacy departments and leading system-wide operational initiatives","New York, NY",,,"$225,000.00",Executive,2026-04-05T12:15:55.000Z,"NYC Health + Hospitals is the nation’s largest public health care delivery system. We are an integrated network of hospitals, trauma centers, neighborhood health centers, nursing homes, and post-acute care centers. We are a home care agency and a health plan, MetroPlus. The health system provides essential services to more than 1.4 million New Yorkers every year in more than 70 patient care locations and in their homes. Our talented workforce of more than 40,000 represents the diversity of our city and the communities we serve. The excellence of our staff, and our continued mission to care for all without exception, make us unique and rightly positioned to provide equitable, high-quality, culturally responsive, and affordable health care in every New York City community.

Our promise to New Yorkers: Empower every New Yorker – without exception – to live the healthiest life possible by providing equitable, high quality, culturally responsive, and affordable health care in every community.",http://www.nychealthandhospitals.org/,Hospitals and Health Care,135,https://www.linkedin.com/jobs/view/assistant-vice-president-of-pharmacy-operations-at-nyc-health-%2B-hospitals-4334400486?refId=0VlnSRGDShXb8%2F8Z0kFjwA%3D%3D&trackingId=N4EmjfEvwDK4MQAkzw3tdg%3D%3D&position=1&pageNum=0
Whatnot,Corporate Counsel,Legal,"🚀 Join the Future of Commerce with Whatnot!

Whatnot is the largest livestream shopping platform in North America and Europe to buy, sell, and discover the things you love. Whether it's trading cards, fashion, electronics, or live plants, our sellers are building real businesses across hundreds of categories. We're building live commerce at a scale that's never been done in the West, and there's no playbook to copy. The people here are shaping how an entirely new industry develops.

As a remote co-located team, we're inspired by our values and anchored in hubs across the US, UK, Ireland, Poland, Germany, and Australia. We move fast, stay close to our users, and focus on the work that drives the most impact.

We're one of the fastest growing marketplaces and were recently named the #1 Best Startup Employer in America by Forbes. Check out the latest Whatnot updates on our news and engineering blogs and join us as we enable anyone to turn their passion into a business and bring people together through commerce.

💻 Role

We are looking for an exceptional Corporate Counsel to support Whatnot’s rapidly scaling business operations. As a key member of our growing legal team, you will advise on a broad range of commercial and corporate matters, from negotiating high-impact contracts to supporting strategic transactions and governance initiatives.

This person will partner closely with teams across the company—including Partnerships, Product, Finance, and Operations—to build and manage scalable legal programs that empower innovation while managing risk. The ideal candidate has strong experience with both commercial agreements and general corporate work, thrives in a fast-paced, collaborative environment, and brings a proactive, business-minded approach to problem solving.

Support general corporate matters, including entity management, corporate governance, and capitalization administration.Assist with financing transactions, mergers and acquisitions, and other strategic initiatives.Advise business teams on contract structure, risk allocation, and negotiation strategies.Work closely with outside counsel on specialized corporate, tax, or M&A matters as needed.Draft, review, and negotiate a wide range of commercial agreements, including vendor, customer, creator, influencer, marketing, SaaS, and technology contracts.Collaborate with cross-functional teams to develop scalable templates, playbooks, and contracting processes.Partner with Finance and Business Operations on compliance, risk management, and deal execution.Support internal education and training around contract processes and legal best practices.Help strengthen and scale Whatnot’s legal operations and infrastructure to support continued growth.

We offer flexibility to work from home or from one of our global office hubs, and we value in-person time for planning, problem-solving, and connection. Team members in this role must live within commuting distance of our New York City, San Francisco, or Los Angeles hubs.

👋 You

About

People who do well at Whatnot tend to be comfortable figuring things out as they go, biased toward action, and genuinely curious about what they're building. They care more about outcomes than credit and stay close to the product and the people using it. You should have:

A law degree and active membership in at least one U.S. jurisdiction (preferably NY or CA).7+ years of combined experience at a top law firm and/or in-house legal department, with a focus on commercial contracting and corporate law.Experience drafting and negotiating a broad range of contracts, including technology and SaaS agreements.Solid understanding of general corporate principles, including governance, financings, and M&A transactions.Strong business judgment and ability to translate legal advice into actionable business guidance.Excellent written, verbal, and interpersonal communication skills.Ability to work independently, handle multiple projects simultaneously, and meet deadlines in a fast-moving environment.A proactive, collaborative, and solutions-oriented mindset—with a sense of humor and curiosity.

🎁 Benefits

Generous Holiday and Time off PolicyHealth Insurance options including Medical, Dental, VisionWork From Home SupportHome office setup allowanceMonthly allowance for cell phone and internetCare benefitsMonthly allowance for wellnessAnnual allowance towards ChildcareLifetime benefit for family planning, such as adoption or fertility expensesRetirement; 401k offering for Traditional and Roth accounts in the US (employer match up to 4% of base salary) and Pension plans internationallyMonthly allowance to dogfood the appAll Whatnauts are expected to develop a deep understanding of our product. We're passionate about building the best user experience, and all employees are expected to use Whatnot as both a buyer and a seller as part of their job (our dogfooding budget makes this fun and easy!).Parental Leave16 weeks of paid parental leave + one month gradual return to work *company leave allowances run concurrently with country leave requirements which take precedence.💛 EOE

Whatnot is proud to be an Equal Opportunity Employer. We value diversity, and we do not discriminate on the basis of race, religion, color, national origin, gender, sexual orientation, age, marital status, veteran status, parental status, disability status, or any other status protected by local law. We believe that our work is better and our company culture is improved when we encourage, support, and respect the different skills and experiences represented within our workforce.

Compensation Range: $225K - $285K

","San Francisco, CA",,,"$225,000.00",Mid-Senior level,2026-04-05T15:26:15.000Z,"Whatnot is the largest livestream shopping platform in the US, UK, and Europe—bringing millions together to shop, sell, and connect around the things they love. 

We’re building the future of ecommerce, bringing together community, shopping and entertainment. We are committed to our values, and as a remote co-located team, we operate out of hubs within the US, UK, Ireland, Poland, and Germany today.

We’re innovating in the fast-paced world of live shopping from bags to beauty, comics to coins, sneakers to streetwear, and vintage to vinyl. With over hundreds of categories including electronics, sports and Pokémon cards, fashion, plants, jewelry and more—we’ve got it all! 

And, we’re growing. Whatnot has been one of the fastest growing marketplaces and we’re hiring forward-thinking problem solvers across all functional areas.",http://www.whatnot.com,"Technology, Information and Internet",200,https://www.linkedin.com/jobs/view/corporate-counsel-at-whatnot-4324899060?refId=OT0CtTEgA3jNqutSAlFoCw%3D%3D&trackingId=pG31Q2VrEepH969%2Bm6Yypw%3D%3D&position=1&pageNum=0
Korn Ferry,Head of Tax & Treasury,Accounting/Auditing,"Our client is a rapidly scaling, venture-backed healthcare technology organization focused on improving outcomes in the metabolic health space through advanced data, analytics, and clinical care models. The business is experiencing significant growth across the U.S. and internationally and is investing heavily in building a scalable financial infrastructure to support its next phase of expansion.
The organization is seeking a Head of Tax & Treasury to serve as the first dedicated leader overseeing both global tax and treasury operations. This individual will play a critical role in establishing the company’s tax strategy, liquidity management framework, and financial risk infrastructure while partnering closely with executive leadership on strategic initiatives.
This position will report directly to the Chief Accounting Officer and work closely with the CFO, Legal, and broader finance leadership team.

The OpportunityRole SummaryThe Head of Tax & Treasury will be responsible for designing and building the company’s global tax and treasury functions. This includes overseeing tax strategy and compliance across multiple jurisdictions, establishing treasury operations and banking infrastructure, and implementing scalable processes and systems to support continued growth.
This role requires a leader who can operate both strategically and operationally, building the long-term framework while remaining hands-on in execution.

Key ResponsibilitiesTax Strategy & ComplianceDevelop and execute global tax strategies across federal, state, and international jurisdictions.Own the ASC 740 tax provision process, including quarterly and annual reporting, disclosures, and coordination with external auditors.Establish and manage global transfer pricing policies, documentation, and intercompany agreements.Oversee indirect tax compliance, including sales & use tax, VAT, and GST obligations.Manage the preparation and filing of all domestic and international tax returns through external advisors where appropriate.Lead all tax audits and regulatory inquiries across relevant jurisdictions.Provide tax advisory support on strategic initiatives, commercial arrangements, and corporate structuring.
Treasury & Capital ManagementBuild and manage the company’s global cash management framework, including liquidity planning and short-term cash forecasting.Manage global banking relationships and negotiate banking agreements, credit facilities, and related services.Oversee the company’s short-term investment strategy for excess cash.Partner with the CFO on capital structure initiatives, including debt financing and capital raises.Identify and manage financial risks, including foreign exchange and interest rate exposure, and implement mitigation strategies.Evaluate and implement a Treasury Management System (TMS) and related treasury infrastructure.
Operational LeadershipDesign and implement scalable processes, policies, and internal controls across tax and treasury operations.Partner with Finance and IT teams to integrate tax and treasury workflows within the company’s ERP and financial systems.Serve as a strategic advisor to executive leadership on tax, liquidity, and financial risk matters.Build and scale the future Tax and Treasury organization, including hiring and developing additional team members over time.

Candidate ProfileExperienceBachelor’s degree in Accounting, Finance, or related field.10+ years of progressive experience across tax and treasury functions.Prior leadership experience at the Director level or above.Strong expertise in ASC 740 tax provision and GAAP reporting requirements.Experience managing both domestic and international tax compliance, including transfer pricing and indirect tax.Hands-on experience with cash management, liquidity planning, and banking relationships.Background supporting high-growth companies, ideally in technology, healthcare, or SaaS environments.
PreferredCPA or comparable professional certification.Master’s degree in Taxation (MST) or MBA.Experience supporting M&A transactions or corporate financing activities.Familiarity with ERP environments such as NetSuite.
Leadership AttributesBuilder mindset with the ability to design and implement scalable processes from the ground up.Strong communicator capable of translating complex tax and treasury matters into clear business insights.Strategic thinker with the ability to anticipate regulatory and operational needs in a high-growth environment.Detail-oriented with a strong commitment to compliance, accuracy, and operational rigor.
SE: 510777598","New York, NY",,,"$200,000.00",Director,2026-04-06T12:54:49.000Z,"Korn Ferry is a global consulting firm that powers performance. We unlock the potential in your people and unleash transformation across your business—synchronizing strategy, operations, and talent to accelerate performance, fuel growth, and inspire a legacy of change. That’s why the world’s most forward-thinking companies across every major industry turn to us—for a shared commitment to lasting impact and the bold ambition to Be More Than.

As the Official Talent & Organizational Consulting Partner of LA28, Korn Ferry is powering the nearly 5,000 people who power the Olympics Games – bringing in the right talent, building strong leaders, and shaping the structure and culture that will deliver an unforgettable experience for the world.",http://www.kornferry.com,Consumer Services,25,https://www.linkedin.com/jobs/view/head-of-tax-treasury-at-korn-ferry-4394459933?refId=PAJbXpPSKgpaFBcepwWrYQ%3D%3D&trackingId=4lnmcw7a2yQ9%2BK03h8j7bA%3D%3D&position=1&pageNum=0
Alvarez & Marsal,"Senior Associate, Working Capital",Administrative,"Description

Alvarez & Marsal, a leading independent global professional services firm, specializing in providing turnaround management, performance improvement and corporate advisory services, is seeking to expand its Private Equity Performance Improvement (PEPI) – CFO Services team in various locations throughout the U.S. With more than 3,000 professionals based in 40 locations across North America, Europe, Asia, and Latin America, our firm excels in problem solving and value creation. Drawing on a strong operational heritage and hands-on-approach, our professionals work closely with organizations and stakeholders to help tackle complex business issues and maximize value.

A&M’s Private Equity Performance Improvement Services (PEPI) practice, with offices throughout the US, focuses on serving middle market and large cap private equity firms who have engaged A&M to help improve operating results at their portfolio companies.

Our professionals are aligned with a PEPI service line to promote the development of deep functional skills & experiences and to maximize our ability to tailor solutions to solve our clients' business issues.

Our PEPI services include:

CFO Services (including interim management – CFO, Controller, Treasurer)

Rapid Results

CDD/Strategy

Merger Integration & Carve-outs

IT

Supply Chain

The CFO Services practice is a growing business with excellent opportunities for career advancement and building leadership skills. The CFO Services leadership team is focused on providing career development and training for high performing professionals.

PEPI CFO Services Associate:

Professional Experience

Solid understanding of finance and accounting, with a preference for CPA’sWorking with team members through a time-sensitive project by structuring a work plan and managing the process through to completion.Developing findings and making strategic recommendations.Strong financial modeling experience and solid understanding of financial statements – development of 13-week cash flows is preferred; experience with Tableau and think-cell software is a plusTreasury / cash management experience a strong plusSystems implementation experience a plus


Professional Skills

Synthesizing meaningful insights from data, opinions, or factsStrong written, oral and analytical skillsStrong Excel and PowerPoint skillsStructured project management (time, team and work-stream’s management)Initiative and driveCritical thinking skillsAbility to deliver time-pressured project on-time and on-qualityFlexible and creative thinkingClient relationship building


Qualifications

7-10+ years of relevant work experience in Management Consulting, Investment Banking, Private Equity, Corporate Strategy or related field (e.g., Treasury, Sourcing, Supply Chain, Corporate Finance, etc.)Bachelor’s degree or higher form of education from accredited 4-year institution Strong expertise with data and analytics tools such as Microsoft Excel, PowerBI, Alteryx, Tableau, etc.Flexibility to travel up to 80% of the time at short/immediate notice


The salary range is $120,000-$160,000 annually, dependent on several variables including but not limited to education, experience, skills, and geography. In addition, A&M offers a discretionary bonus program which is based on a number of factors, including individual and firm performance. Please ask your recruiter for details.

Inclusive Diversity

A&M’s entrepreneurial culture celebrates independent thinkers and doers who can positively impact our clients and shape our industry. The collaborative environment and engaging work—guided by A&M’s core values of Integrity, Quality, Objectivity, Fun, Personal Reward, and Inclusive Diversity—are the main reasons our people love working at A&M. Inclusive Diversity means we embrace diversity, and we foster inclusiveness, encouraging everyone to bring their whole self to work each day. It runs through how we recruit, develop employees, conduct business, support clients, and partner with vendors. It is the A&M way.

Equal Opportunity Employer

It is Alvarez & Marsal’s practice to provide and promote equal opportunity in employment, compensation, and other terms and conditions of employment without discrimination because of race, color, creed, religion, national origin, ancestry, citizenship status, sex or gender, gender identity or gender expression (including transgender status), sexual orientation, marital status, military service and veteran status, physical or mental disability, family medical history, genetic information or other protected medical condition, political affiliation, or any other characteristic protected by and in accordance with applicable laws. Employees and Applicants can find A&M policy statements and additional information by region here.

Unsolicited Resumes from Third-Party Recruiters

Please note that as per A&M policy, we do not accept unsolicited resumes from third-party recruiters unless such recruiters are engaged to provide candidates for a specified opening. Any employment agency, person or entity that submits an unsolicited resume does so with the understanding that A&M will have the right to hire that applicant at its discretion without any fee owed to the submitting employment agency, person or entity.

Inclusive Diversity

A&M’s entrepreneurial culture celebrates independent thinkers and doers who can positively impact our clients and shape our industry. The collaborative environment and engaging work—guided by A&M’s core values of Integrity, Quality, Objectivity, Fun, Personal Reward, and Inclusive Diversity—are the main reasons our people love working at A&M. Inclusive Diversity means we embrace diversity, and we foster inclusiveness, encouraging everyone to bring their whole self to work each day. It runs through how we recruit, develop employees, conduct business, support clients, and partner with vendors. It is the A&M way.

Equal Opportunity Employer

It is Alvarez & Marsal’s practice to provide and promote equal opportunity in employment, compensation, and other terms and conditions of employment without discrimination because of race, color, creed, religion, national origin, ancestry, citizenship status, sex or gender, gender identity or gender expression (including transgender status), sexual orientation, marital status, military service and veteran status, physical or mental disability, family medical history, genetic information or other protected medical condition, political affiliation, or any other characteristic protected by and in accordance with applicable laws. Employees and Applicants can find A&M policy statements and additional information by region here.

Unsolicited Resumes from Third-Party Recruiters

Please note that as per A&M policy, we do not accept unsolicited resumes from third-party recruiters unless such recruiters are engaged to provide candidates for a specified opening. Any employment agency, person or entity that submits an unsolicited resume does so with the understanding that A&M will have the right to hire that applicant at its discretion without any fee owed to the submitting employment agency, person or entity.

","San Francisco, CA",,,,Mid-Senior level,2026-04-06T09:12:00.000Z,"Alvarez & Marsal is a leading global professional services firm dedicated to helping organizations tackle their most complex business issues, maximize stakeholder value, and deliver sustainable change. 

Privately held since its founding in 1983, clients select us for our deep expertise and proven ability to create and deliver practical solutions to their unique problems. Leveraging A&M’s restructuring heritage, our fact-driven, action-oriented approach empowers organizations to drive transformation and unlock value at every stage of growth.

Our worldwide network extends across six continents, with over 10,000 people comprised of experienced operators, world-class consultants, former regulators and industry authorities. We foster a uniquely collaborative environment that embraces our peoples’ diverse perspectives and A&M’s entrepreneurial spirit to deliver end-to-end capabilities that span advisory, business performance improvement, and turnaround management.

When action matters, find us at www.alvarezandmarsal.com.",http://www.alvarezandmarsal.com,Business Consulting and Services,47,https://www.linkedin.com/jobs/view/senior-associate-working-capital-at-alvarez-marsal-4241164969?refId=KAQxwUeJdCKcb7h6Gp2oJQ%3D%3D&trackingId=XoidG0WyF8XJ8CKOpYmgvA%3D%3D&position=1&pageNum=0
Language Testing International,"Sr. Product Manager, Assessments","Product Management, Project Management, and Sales","The Product Manager – Assessment is responsible for end-to-end lifecycle management of LTI’s language assessment products, including leading a team of APM specialists. This role serves as the strategic bridge between research, technology, operations, sales, and marketing to ensure assessment products are valid, scalable, market-relevant, and aligned with LTI’s growth strategy.The ideal candidate combines language and assessment expertise with strong product management discipline, user-centric thinking, and data-driven decision-making, and thrives in a highly collaborative, mission-driven environment.
Key Responsibilities
Product Strategy & RoadmapPartner with leadership to prioritize initiatives based on impact, feasibility, strategic goals, revenue targets, and regulatory/validity requirements.Own product roadmaps for assigned assessment products, including PRDs, functional requirements, acceptance criteria, and backlog management.Product management from discovery through launch, evaluation, and iteration.As assigned, lead product launch planning and execution, including release planning, pricing/packaging support, and internal and client-facing enablement.Cross-Functional CollaborationWork closely with ACTFL Research & Assessment and LTI’s Technology, Operations, Sales, Customer Success, and Marketing teams to deliver high-quality assessment solutions.Serve as the primary product liaison for product enhancements and lifecycle updates, ensuring alignment across stakeholders.Support RFP responses, product demos/training, and client feedback loops to ensure accurate product representation and strong go-to-market coordination.Assessment & Quality OversightEnsure assessment products meet ACTFL and industry standards, including validity, reliability, and accessibility.Monitor assessment performance, scoring accuracy, and operational scalability in partnership with internal teams.Drive continuous improvement across the lifecycle, recommending enhancements, new development, or retirement based on performance data, user feedback, and market needs.Market & Customer InsightConduct market research, competitive analysis, evaluation studies, and client discovery to identify opportunities for innovation and product improvement.Balance customer and market needs with operational, technical, and research constraints.Analyze usage, performance, and financial data to inform product decisions and strategy.Serve as a resource to Sales, Marketing, and Support teams for thought leadership and language acquisition/assessment expertise.Execution & DeliveryDrive product development from concept through delivery, ensuring timelines, scope, and quality expectations are met.Lead APM specialists to maintain internal and external product documentation and related resources.Support change management and internal training related to product releases and updates.
PLEASE NOTE: This position requires 20% up to 35% travel.
Qualifications
RequiredMaster’s degree in Second Language Acquisition, Applied Linguistics, Assessment and Evaluation, Psychology (e.g., Educational Psychology, Industrial/Organizational Psychology), or a related field, or equivalent combination of bachelor’s degree and professional experience.5+ years of experience in language curriculum or assessment development, design, or evaluation.3+ years of experience in product or project management (or related roles), including ownership of products or programs end-to-end.Demonstrated hands-on-experience with and expertise in ACTFL guidelines, including practical application in language assessment, proficiency evaluation, or related program developmentProfessional proficiency in at least one language other than English, consistent with ACTFL standards required for rater qualificationBe a certified ACTFL rater, or become certified within the first 3 months of hire, in English and preferably at least one additional languageDemonstrated success working cross-functionally with technical and non-technical teams, including managing competing stakeholder priorities.Understanding of how assessment platforms function (e.g., item banks, delivery logic, scoring workflows).Strong analytical, communication, and stakeholder management skills.Experience managing complex products in regulated or standards-driven environments.Demonstrated risk management skills (e.g., validity, operational, security, and client-impact risks).PreferredPhD in EdPsych, Curriculum/Assessment, Applied Linguistics, I/O Psychology, Second Language Acquisition, or related field.Product Management certification.Business strategy or management education (or equivalent professional experience).Experience with language assessment, educational measurement, psychometrics, and EdTech products.Familiarity with Agile/Scrum methodologies and tools.Experience with AI-enabled assessment platforms, tools, or workflows.Familiarity with accessibility, ethics, and standards in assessment.Familiarity with instructional design models (e.g., ADDIE, backward design).Experience defining dashboards/KPIs and familiarity with BI tools (e.g., Tableau).Key CompetenciesProduct ManagementAssessment & Evaluation ExpertiseLinguistics / Language Acquisition ExpertiseStakeholder Influence & CollaborationCustomer-Centric Decision MakingAnalytical & Data-Driven ThinkingCommunication & Executive PresenceContinuous Improvement & Innovation; Change Management",United States,,,,Mid-Senior level,2026-04-06T13:03:59.000Z,"With over 30 years of experience as the exclusive provider of ACTFL assessments, each year LTI delivers hundreds of thousands of language proficiency tests to companies, academic institutions, government agencies and individuals. LTI provides the language credential that businesses want and individuals need.",http://www.languagetesting.com,Higher Education and Government Administration,25,https://www.linkedin.com/jobs/view/sr-product-manager-assessments-at-language-testing-international-4398010084?refId=P08yFI5eJtJc4PZfJb1JHg%3D%3D&trackingId=KA9gu3nHVbCG3iXbGDKTZQ%3D%3D&position=1&pageNum=0
Whatnot,Corporate Counsel,Legal,"🚀 Join the Future of Commerce with Whatnot!

Whatnot is the largest livestream shopping platform in North America and Europe to buy, sell, and discover the things you love. Whether it's trading cards, fashion, electronics, or live plants, our sellers are building real businesses across hundreds of categories. We're building live commerce at a scale that's never been done in the West, and there's no playbook to copy. The people here are shaping how an entirely new industry develops.

As a remote co-located team, we're inspired by our values and anchored in hubs across the US, UK, Ireland, Poland, Germany, and Australia. We move fast, stay close to our users, and focus on the work that drives the most impact.

We're one of the fastest growing marketplaces and were recently named the #1 Best Startup Employer in America by Forbes. Check out the latest Whatnot updates on our news and engineering blogs and join us as we enable anyone to turn their passion into a business and bring people together through commerce.

💻 Role

We are looking for an exceptional Corporate Counsel to support Whatnot’s rapidly scaling business operations. As a key member of our growing legal team, you will advise on a broad range of commercial and corporate matters, from negotiating high-impact contracts to supporting strategic transactions and governance initiatives.

This person will partner closely with teams across the company—including Partnerships, Product, Finance, and Operations—to build and manage scalable legal programs that empower innovation while managing risk. The ideal candidate has strong experience with both commercial agreements and general corporate work, thrives in a fast-paced, collaborative environment, and brings a proactive, business-minded approach to problem solving.

Support general corporate matters, including entity management, corporate governance, and capitalization administration.Assist with financing transactions, mergers and acquisitions, and other strategic initiatives.Advise business teams on contract structure, risk allocation, and negotiation strategies.Work closely with outside counsel on specialized corporate, tax, or M&A matters as needed.Draft, review, and negotiate a wide range of commercial agreements, including vendor, customer, creator, influencer, marketing, SaaS, and technology contracts.Collaborate with cross-functional teams to develop scalable templates, playbooks, and contracting processes.Partner with Finance and Business Operations on compliance, risk management, and deal execution.Support internal education and training around contract processes and legal best practices.Help strengthen and scale Whatnot’s legal operations and infrastructure to support continued growth.

We offer flexibility to work from home or from one of our global office hubs, and we value in-person time for planning, problem-solving, and connection. Team members in this role must live within commuting distance of our New York City, San Francisco, or Los Angeles hubs.

👋 You

About

People who do well at Whatnot tend to be comfortable figuring things out as they go, biased toward action, and genuinely curious about what they're building. They care more about outcomes than credit and stay close to the product and the people using it. You should have:

A law degree and active membership in at least one U.S. jurisdiction (preferably NY or CA).7+ years of combined experience at a top law firm and/or in-house legal department, with a focus on commercial contracting and corporate law.Experience drafting and negotiating a broad range of contracts, including technology and SaaS agreements.Solid understanding of general corporate principles, including governance, financings, and M&A transactions.Strong business judgment and ability to translate legal advice into actionable business guidance.Excellent written, verbal, and interpersonal communication skills.Ability to work independently, handle multiple projects simultaneously, and meet deadlines in a fast-moving environment.A proactive, collaborative, and solutions-oriented mindset—with a sense of humor and curiosity.

🎁 Benefits

Generous Holiday and Time off PolicyHealth Insurance options including Medical, Dental, VisionWork From Home SupportHome office setup allowanceMonthly allowance for cell phone and internetCare benefitsMonthly allowance for wellnessAnnual allowance towards ChildcareLifetime benefit for family planning, such as adoption or fertility expensesRetirement; 401k offering for Traditional and Roth accounts in the US (employer match up to 4% of base salary) and Pension plans internationallyMonthly allowance to dogfood the appAll Whatnauts are expected to develop a deep understanding of our product. We're passionate about building the best user experience, and all employees are expected to use Whatnot as both a buyer and a seller as part of their job (our dogfooding budget makes this fun and easy!).Parental Leave16 weeks of paid parental leave + one month gradual return to work *company leave allowances run concurrently with country leave requirements which take precedence.💛 EOE

Whatnot is proud to be an Equal Opportunity Employer. We value diversity, and we do not discriminate on the basis of race, religion, color, national origin, gender, sexual orientation, age, marital status, veteran status, parental status, disability status, or any other status protected by local law. We believe that our work is better and our company culture is improved when we encourage, support, and respect the different skills and experiences represented within our workforce.

Compensation Range: $225K - $285K

","San Francisco, CA",,,"$225,000.00",Mid-Senior level,2026-04-05T15:26:15.000Z,"Whatnot is the largest livestream shopping platform in the US, UK, and Europe—bringing millions together to shop, sell, and connect around the things they love. 

We’re building the future of ecommerce, bringing together community, shopping and entertainment. We are committed to our values, and as a remote co-located team, we operate out of hubs within the US, UK, Ireland, Poland, and Germany today.

We’re innovating in the fast-paced world of live shopping from bags to beauty, comics to coins, sneakers to streetwear, and vintage to vinyl. With over hundreds of categories including electronics, sports and Pokémon cards, fashion, plants, jewelry and more—we’ve got it all! 

And, we’re growing. Whatnot has been one of the fastest growing marketplaces and we’re hiring forward-thinking problem solvers across all functional areas.",http://www.whatnot.com,"Technology, Information and Internet",200,https://www.linkedin.com/jobs/view/corporate-counsel-at-whatnot-4324899060?refId=KAQxwUeJdCKcb7h6Gp2oJQ%3D%3D&trackingId=7UoWfXh%2BK0dPjFbCkwB8Zw%3D%3D&position=2&pageNum=0
DeWinter Group,Finance & Strategy Leader 38505,Finance and Strategy/Planning,"Finance & Strategy Leader
About the RoleWe are seeking a highly analytical and strategic Finance & Strategy Leader to join our leadership team. This pivotal role operates at the nexus of finance, corporate strategy, and operational execution, serving as a critical thought partner to the executive staff. You will be instrumental in defining our financial architecture, driving key investment decisions, and navigating the company through its next phase of rapid scaling.
This is a dynamic, builder role—not merely a reporting function. Success requires translating complex data into actionable strategies, challenging business assumptions, and maintaining a high level of curiosity and business acumen across all functions.
The ideal candidate will come from a high volume high volatility environment and will have demonstrated experience driving actionable decisions from this data.
Core ResponsibilitiesCorporate Financial Planning: Develop, own, and continually refine the integrated, long-range company financial model, supporting strategic planning, capital allocation, and various funding scenarios.Performance Management: Establish and manage the company-wide operational cadence, including monthly/quarterly business reviews. Monitor and interpret core performance indicators (revenue drivers, profitability, unit economics) to generate insights that compel strategic action.Capital Markets & Investor Relations: Oversee the preparation of all board materials, investor communications, and due diligence documentation. Act as a primary financial liaison for external investors and stakeholders.Function Scalability: Serve as a foundational member of the finance organization, responsible for designing and implementing best-in-class financial processes, technology stack, and organizational structure as the company matures.Resource Planning: Lead annual budgeting and continuous forecasting processes. Collaborate directly with departmental leaders on expense management, headcount strategy, and strategic prioritization initiatives.Business Model Analysis: Conduct deep-dive analysis into platform economics, including Gross Merchandise Value (GMV), monetization rates, customer/seller lifetime value (LTV), and retention cohorts, translating findings into strategic recommendations for growth and margin improvement.Qualifications7+ years of progressive experience in demanding analytical environments such as investment banking, management consulting, private equity, or strategic finance/FP&A within a top-tier technology firm.Expert-level financial modeling proficiency, capable of constructing complex analyses (e.g., integrated 3-statement models, cohort analyses, valuation models) independently and with minimal guidance.Demonstrated success influencing senior leadership and cross-functional partners through compelling, data-centric presentations and clear articulation of complex financial concepts.Strong bias for action and ability to thrive in an ambiguous, fast-paced environment where defining structure is part of the job.Prior experience with platform, marketplace, or high-growth subscription (SaaS) business models is highly desirable.Exceptional interpersonal and communication skills; proven ability to build strong, collaborative relationships across the organization.A resourceful, entrepreneurial spirit committed to building foundational systems from the ground up.","Palo Alto, CA",,,,Director,2026-04-02T22:30:43.000Z,"Since 2000, DeWinter has set the standard in connecting finance, accounting, and technology professionals on an executive search, consulting, and contract basis. DeWinter is the first choice for companies looking for the highest standard of care with a firm they trust to understand and meet their needs.",http://www.dewintergroup.com,Internet Marketplace Platforms,27,https://www.linkedin.com/jobs/view/finance-strategy-leader-38505-at-dewinter-group-4395715895?refId=3KHOTwcgc2eYapwFrVVRUA%3D%3D&trackingId=hC0wH0nLQ6r2k49Yrph%2Bvw%3D%3D&position=24&pageNum=0
DSJ Global,General Manager- Private Label,"Business Development, Management, and Strategy/Planning","Position OverviewOur client is a leading food and beverage manufacturer seeking a General Manager, U.S. Private Label to lead profitable, scalable growth across its private label business. This role owns the end‑to‑end commercial engine-from pipeline development and RFP pursuits through commercialization and launch stabilization-while ensuring opportunities align with network capacity, operational fit, and overall business economics.This leader carries full P&L responsibility for the U.S. Private Label business and partners closely with executive leadership to manage cross‑functional trade‑offs related to capacity, mix, complexity, and shared resources.Key ResponsibilitiesStrategy & GrowthDevelop and execute annual and multi‑year private label growth strategies, including target customers, channels, categories, and value propositionsBuild and manage a prioritized pursuit roadmap aligned with plant capabilities, capacity, and profitability thresholdsP&L Ownership & Financial PerformanceOwn revenue, margin, cost‑to‑serve, and overall P&L performancePartner cross‑functionally to deliver annual operating plans and long‑range growth targetsEnsure disciplined business cases for bids, expansions, and pricing decisionsCommercial LeadershipLead and develop teams across account leadership, RFP/bid management, and commercializationDrive negotiation excellence, customer retention, and long‑term partnership growthDeal Qualification & GovernanceEstablish rigorous bid qualification standards (feasibility, complexity, service terms, lead times, operational fit)Elevate opportunities requiring cross‑business trade‑offs through executive governance forumsCommercialization & Launch ExecutionOwn award‑to‑shelf execution including specifications, packaging approvals, item setup, production slotting, and distribution onboardingLead stage‑gated governance and ensure post‑launch stabilization during the first 8-12 weeksDemand, Service & Complexity ManagementEnsure demand signal integrity in partnership with Demand Planning and S&OPManage customer scorecards, escalations, corrective actions, and service performance metricsActively manage SKU mix, complexity, and margin trade‑offsQuality, Compliance & Cross‑Functional ExecutionEnsure programs meet quality, regulatory, and operational feasibility requirementsRemove cross‑functional blockers with urgency and accountabilityExecutive CommunicationProvide clear, decision‑oriented updates to senior leadership on performance, risks, outlook, major wins/losses, capacity constraints, and margin impactsQualifications12-15+ years of commercial leadership experience within CPG and/or beverage manufacturingPrior experience in private label and/or contract manufacturing environmentsProven success leading RFP processes, complex negotiations, and large customer relationshipsStrong cross‑functional leadership across Supply Chain, Quality/Regulatory, R&D, and FinanceHighly analytical with a strong grasp of economics, cost‑to‑serve, and operational feasibilityBachelor's degree requiredPreferred ExperienceBeverage category experience (aseptic, ambient, and/or chilled)Experience managing broker networks and third‑party retail executionStrong commercialization and stage‑gate governance backgroundCRM and TPM adoption leadershipStrategic, data‑driven leader with strong execution discipline and collaborative style
Desired Skills and ExperienceCPG, Private Label, Co-Manufacturing, P&L, Profit & Loss, Commercialization, Strategy, Growth, Leadership, Product Launch, Operations, Manufacturing",United States,,,,Executive,2026-03-31T16:55:26.000Z,"DSJ Global are proud to be a leading specialist talent partner in end-to-end supply chain. Founded in 2008, we help clients solve the number one challenge: talent. Today, we provide permanent, contract and multi-hire talent solutions across planning, procurement, technical operations, engineering, and logistics.",http://www.dsjglobal.com,Food and Beverage Manufacturing,25,https://www.linkedin.com/jobs/view/general-manager-private-label-at-dsj-global-4395870553?refId=dfRhl%2BfRVG8H2lqlmbj29g%3D%3D&trackingId=2tSk%2Bwi2HmVbVlM00pc4Sg%3D%3D&position=25&pageNum=0
Cypress HCM,"Senior Director Business Development, Mobile & Satellite Networks",Business Development and Sales,"Senior Director Business Development, Mobile & Satellite NetworksLocation: Dallas/Reston/Santa Clara (prefer local to office; open to considering remote w/ travel)Employees: ~100Industry: TelecommunicationsReports To: CEO
Seeking a Senior Director Business Development, Mobile & Satellite Networks who is highly experienced and networked to drive commercial growth for advanced Position, Navagation, and Timing (PNT) solutions across global telecom ecosystems. This position will establish and scale strategic partners with high-priority MNO, SNOs, and adjacent connectivity providers.
The ideal candidate will bring deep expertise within the telecom and satellite landscape, a strong executive presence, and a demonstrated ability to structure and close complex partnerships involving network integration, spectrum strategy and mission-critical services.
Most Important Responsibilities:Define and execute partnerships strategies with MNOs, SNOs, and other operator segments to accelerate adoption of advanced PNT and location-based capabilities.Responsible for major MNO/SNO targets and requires consistent ownership to build sustained technical and commercial relationships within major accounts.Drive awareness and interest in PNT solutions and identify fit across MNOs.Build and maintain senior-level relationships across operator organizations, aligning technical, commercial, and strategic priorities.Lead end-to-end deal execution, including opportunity sourcing, business case development, negotiation, and commercialization frameworks for operator-integrated solutions.Articulate the value of 3D positioning and timing technologies to executive, technical, and product stakeholders within operator environments.Drive technical discussions with operator engineering teams, translating network and deployment requirements into product and roadmap inputs.
What you can bring to the table to impact this role, team, and organization:10+ years of experience in enterprise business development, strategic partnerships, or leadership roles within MNOs wireless, satellite, or network infrastructure sectors.Deep network and established relationships within MNO and enterprise telecom.Familiarity with NTN/LEO satellite operations is highly preferred.Proven experience of navigating large telco organizations to reach network, product, and policy teams and structuring commercial partnership frameworks (LOIs, pilot agreements, MoUs).Understanding of 3GPP, 5G Network location services and E911/E-PSAP compliance landscapes strongly preferred.Strong executive communication and comfortability presenting to senior leadership at major MNO companies.Experience managing cross-functional initiatives spanning technical, commercial, and regulatory domains.Executive presence with the ability to engage operators, OEMs, government entities, and investors.Familiarity with 5G, non-terrestrial networks (NTN), network architecture, spectrum strategy, and/or location-based services.Exposure to positioning, navigation, and timing (PNT) technologies preferred.
Compensation: $200 - $233k+ plus 20-30% bonus and equity",United States,,,,Director,2026-04-01T14:30:04.000Z,"At Cypress, we deliver top talent to your doorstep. Our nationwide reach and industry expertise help us precision-match candidates, saving you time and frustration. Our experts specialize in placing highly qualified employees, ensuring a perfect fit that not only boosts individual career paths but also enhances organizational productivity.  ",https://www.cypresshcm.com,Telecommunications,69,https://www.linkedin.com/jobs/view/senior-director-business-development-mobile-satellite-networks-at-cypress-hcm-4392886817?refId=dfRhl%2BfRVG8H2lqlmbj29g%3D%3D&trackingId=d4%2ByQJHxF5J6kZVhd1ETng%3D%3D&position=24&pageNum=0
First Advantage,"Vice President, Sales",Sales and Business Development,"At First Advantage (Nasdaq: FA), people are at the heart of everything we do. From our customers and partners to our greatest advantage — our team members. Operating with empathy and compassion, First Advantage fosters a global inclusive workforce devoted to the diverse voices that make up our talent and products. Our team members empower each other to be their authentic selves and treat all with respect, integrity, and fairness.

Say hello to a rewarding career and come join a leading provider of mission-critical background screening, drug screening, and identity solutions to some of the most recognized Fortune 100 and Global 500 brands.

About The Role:

The Vice President of Sales directs the investments in sales force effectiveness and manages functions essential to sales force productivity. These include planning, reporting, quota setting, sales process optimization, sales program implementation, and sales.

The VP is responsible for the overall productivity and effectiveness of the sales organizations. The VP fosters close working relationships with the General Manager and Head of Sales to ensure the organization’s efficient operation and success.

Job Responsibilities:

Designs, implements, and manages sales forecasting, planning, and budgeting processes. Establishes high levels of quality, accuracy, and process consistency in planning, forecasting, and budgeting approaches used by the sales and customer success organizations. Ensures efforts are appropriately integrated with other planning processes (e.g. Financial forecasting) employed within the firmProvides leadership to the sales, and counsel to the Head of Sales, in implementing objectives that appropriately reflect the firm’s business goals.Equitably assigns sales force and customer success quotas and ensures the firm’s financial objectives are optimally allocated to all sales channels and resources Accountable for the timely assignment of all sales organization objectives.Partners with senior sales and customer success leadership to identify opportunities for sales and customer success process improvement. Facilitates successful implementation of new programs through the sales and customer success organizations by ensuring a well-defined, efficient process is in place for launch. Fosters an organization of continuous process improvement.Responsible for the optimal deployment of sales personnel. Makes recommendations for changing sales roles, coverage models, or team configurations to maximize sales productivity. Leads a change management process to build organizational understanding of proposed changes, establish support from key leadership stakeholders, and effectively implement new deployment and job models.Works closely with senior sales leadership to define the optimal performance measurements and performance management programs required to ensure sales and customer success organization success. Aligns reporting, training, and incentive programs with these performance management priorities.Ensures sales reports, dashboards and other internal intelligence is provided to the sales organizations. Develops new reporting tools as needed. Coordinates with sales and customer success leadership and other stakeholders to lead efficient and accurate sales force reporting initiatives.As a thought leader, recommend and develop new strategies, KPIs and programs to enable the success of sales and customer success.

Accountabilities and Performance Measures:

Achievement of firm sales, revenue, profit, customer retention and strategic objectives.Accountable for the on-time implementation of sales and customer success organization quotas and performance objectives.Accountable for the thorough implementation of sales and customer success organization-impacting initiatives.Responsible for the efficient allocation of technology, support, and training resources impacting the sales and customer success organizations.Accountable for accurate and on-time reporting essential for sales and customer success organization effectiveness.Achievement of strategic objectives defined by company management.

Organizational Alignment:

Reports to the Head of SalesDirects the support of sales specialists, implementation resources, service resources, and other sales, customer success and management resources as needed, coordinating with the appropriate management resources.Fosters close, cooperative relationships with peer leaders and other senior executives.Influence global sales and customer success teams through best-practices and Sales Operations SOPs

Qualifications:

Four-year college degree from an accredited institution; Masters in Business Administration (MBA) or equivalent preferred.Minimum five years of sales or sales management experience in a business-to-business sales environment.Minimum five years in a sales operation, business planning, or sales support management role.Experience successfully managing analytically rigorous corporate initiatives.PC and Technology proficiency (Excel, Word, PowerPoint, Salesforce.com, etc)

Why First Advantage is Your Next Big Career Move:

First Advantage is going through a technology transformation! We are looking for experts who are excited to work with advanced technologies and provide best-in-class user experience, drive the development and deployment of scalable solutions, and smoothly guide our agile teams and clients through meaningful changes as we continue to expand our impact.

Additional benefits offered to our eligible people include: 

Ability to work remotely with occasional business travel. Medical, Vision, Dental, and supplementary benefit plans 401k with an employer match, and an Employee Stock Purchase Plan (ESPP) Competitive and flexible Paid Time Off (PTO) and 9 paid company holidays Access to tech and growth opportunities, and leaders who want you to succeed! 

What Are You Waiting For? Apply Today!

You have learned a little about us today – we want to learn about you! If you think this position and our company are a great fit for your areas of interest and expertise, tell us about you by applying now!

The salary range for this position is approximately $150,000-175,000. This range reflects our good faith estimate to pay fairly as to what our ideal candidates are likely to expect, and we tailor our offers within the range based on the selected candidate’s experience, industry knowledge, technical and communication skills, and other factors that may prove relevant during the interview process.

United States Equal Opportunity Employment:

First Advantage is proud to be a global leader in removing barriers and supporting our community members to ensure the changing demographics of the workforce are reflected in our hiring and employment practices. We value all of our candidates, employees, and clients, and place great emphasis on hiring and supporting qualified individuals in each role. We are an equal opportunity employer. We do not discriminate on the basis of race, color, ethnicity, ancestry, religion, sex, national origin, sexual orientation, age, citizenship status, marital status, disability, gender identity, gender expression, veteran status, genetic information, or any other area protected by applicable law.",United States,,,"$150,000.00",Executive,2026-04-06T11:02:22.000Z,"Our Brand Promise

Know your people™
In a world shaped by digital transformation, AI, remote work, regulatory complexity, and rising risk, identity is no longer static. Identity must be intelligently understood, continuously verified, and actively managed.

Our Mission

Trust in a changing world™
Trust has always been essential to how we work. But the rules are shifting. In a world shaped by digital transformation, AI, remote work, regulatory complexity, and rising risk, identity is no longer static. It must be intelligently understood, continuously verified throughout the employee lifecycle, and actively managed.

We have over one billion records in our proprietary databases, deep vertical expertise, global reach, and an AI-powered infrastructure. We are building the trust layer for today's workforce, helping organizations build stronger teams, make smarter decisions, and thrive in a world of constant change.

First Advantage (NASDAQ: FA) is a leading provider of global software and data in the HR technology industry. Enabled by its proprietary technology and AI, First Advantage’s platforms, data, and APIs power comprehensive employment background screening, digital identity solutions, and verification services. With a strong emphasis on innovation, automation, and customer success, First Advantage empowers 80,000 organizations to hire smarter and onboard faster. Headquartered in Atlanta, Georgia, First Advantage serves customers in over 200 countries and territories, modernizing hiring and onboarding on a global scale. For more information, please visit our website at https://fadv.com/.
",http://www.fadv.com,Software Development,30,https://www.linkedin.com/jobs/view/vice-president-sales-at-first-advantage-4376818561?refId=dfRhl%2BfRVG8H2lqlmbj29g%3D%3D&trackingId=vdqYhqtBG6hbyvSanYPP9g%3D%3D&position=22&pageNum=0
Fidelity Investments,"Vice President, Branch Leader - San Francisco Bay Area",Finance and Sales,"Job Description

Vice President, Branch Leader

It's said that the key to a successful sales strategy is to sell yourself, sell your company, and sell your product. With a focus on employee development and collaboration, as the leader of a Fidelity branch team, you'll have the resources at your disposal to succeed on each count.

The Expertise We’re Looking For

We ask that you have at least five years in financial sales roleWe believe that three or more years of management within a financial services environment is helpfulThe Series 7 and 66 or 63/65 are required, additionally we would want you to obtain the Series 9/10 upon hire

Our mission in the branch is to drive business opportunities by building a strong sales and service team that will embrace the company brand and cultivate revenue while ensuring high levels of customer happiness. By educating the local market, you will drive national initiatives and grow local business through in-branch customer meetings, informative seminars, lead utilization, and client appreciation.

The Skills You Bring

All-encompassing brokerage and mutual fund knowledge and expertise in financial planningA contagious enthusiasm for hiring, mentoring and developing new branch associatesInspired by a real passion for working collaboratively, improving productivity, and implementing ideasCoordinating and supporting cross-company partnerships and regional corporate relationships that lead to business opportunitiesPositive attitude, empowering business professionalism and strong work ethic with high level of integrity

Note: Fidelity is not providing immigration sponsorship for this position

The Value You Deliver

You are a key leader in the Investor Center and beyond. As someone who leads, recruits, and works closely with branch employees, team building is something you take seriously. You develop sales capabilities through dedicated mentoring and coaching. You are an integral figure in running branch infrastructure, including lobby and operational technology, back office processing, and quality assurance processes.

How Your Work Impacts the Organization

You will function as a general manager for the branch, building and leading strategies to develop your associates and their business. Your leadership and decisions will have significant impact on branch success, market growth and profitability.

Company Overview

Our mission at Fidelity is to make our financial expertise broadly accessible and effective in helping people live the lives they want. We are a privately held company that places a high degree of value in creating and nurturing a work environment that attracts the best talent and reflects our commitment to our associates. For information about working at Fidelity, visit FidelityCareers.com

Fidelity Investments is an equal opportunity employer.

The base salary range for this position is $115,000 - $170,000 per year.

Placement in the range will vary based on job responsibilities and scope, geographic location, candidate’s relevant experience, and other factors.

Base salary is only part of the total compensation package. Depending on the position and eligibility requirements, the offer package may also include bonus or other variable compensation.

We offer a wide range of benefits to meet your evolving needs and help you live your best life at work and at home. These benefits include comprehensive health care coverage and emotional well-being support, market-leading retirement, generous paid time off and parental leave, charitable giving employee match program, and educational assistance including student loan repayment, tuition reimbursement, and learning resources to develop your career. Note, the application window closes when the position is filled or unposted.

Most roles at Fidelity are Hybrid, requiring associates to work onsite every other week (all business days, M-F) in a Fidelity office. This does not apply to Remote or fully Onsite roles. Some roles may have unique onsite requirements. Please consult with your recruiter for the specific expectations for this position.

Please be advised that Fidelity’s business is governed by the provisions of the Securities Exchange Act of 1934, the Investment Advisers Act of 1940, the Investment Company Act of 1940, ERISA, numerous state laws governing securities, investment and retirement-related financial activities and the rules and regulations of numerous self-regulatory organizations, including FINRA, among others. Those laws and regulations may restrict Fidelity from hiring and/or associating with individuals with certain Criminal Histories.

Certifications

Series 07 - FINRA, Series 09 - FINRA, Series 10 - FINRA, Series 66 - FINRA

Category

Sales","Burlingame, CA",,,,Executive,2026-03-31T17:54:55.000Z,"Fidelity’s mission is to strengthen the financial well-being of our customers and deliver better outcomes for the clients and businesses we serve. Fidelity’s strength comes from the scale of our diversified, market-leading financial services businesses that serve individuals, families, employers, wealth management firms, and institutions. With assets under administration of $15.0 trillion, including discretionary assets of $5.9 trillion as of March 31, 2025, we focus on meeting the unique needs of a broad and growing customer base. Privately held for 78 years, Fidelity employs more than 77,000 associates across the United States, Ireland, and India. 
 
For our Terms and Conditions, please visit http://go.fidelity.com/LIterms",http://www.fidelity.com,Financial Services,29,https://www.linkedin.com/jobs/view/vice-president-branch-leader-san-francisco-bay-area-at-fidelity-investments-4269813136?refId=3KHOTwcgc2eYapwFrVVRUA%3D%3D&trackingId=m%2B8lgUKhwNwyqKzbXa5W%2Fw%3D%3D&position=25&pageNum=0
The Midtown Group,Senior Software Engineer (.NET),"Information Technology, Engineering, and Product Management","If you're looking for new Senior .NET Software Engineer contracting assignment with an EdTech leader that is deeply committed to utilizing technology to improving educational outcomes, please consider the enclosed opportunity.
We’re looking for smart, creative, and enthusiastic professionals to join our innovative team of software engineers, designers, project managers and software specialists.
The Senior Software Engineer will be an integral part of the software engineering and product development team with our client. This group of professionals provide custom software solutions for our clients as well as internal support systems. Much of the work we perform is new development, so the right candidate will have the skills needed to perform full life-cycle software development. This includes participation in requirements gathering, application and database design, system documentation, writing and unit-testing efficient code, and deployment.
Job Requirements
· Bachelor’s degree in computer science and 5+ years professional .NET software development experience or master’s degree in computer science and 3+ years of .NET software development experience.· Experienced in object oriented (OO) analysis and design principles, along with a demonstrated expert knowledge in OO design.· Proficiency in developing full-stack software applications, utilizing front-end frameworks such as Angular, React, Vue, or equivalent technologies.· Experience developing restful web services and web APIs.· SQL experience to include development work with relational databases, stored procedures, triggers, writing SQL queries· Solid understanding of algorithms· Self-starting, independent thinker and worker· Excellent analytical skills· Highly detail-oriented· Good communication skills· Ability to work well on a team, as well as independently.· At least 1 year of experience with cloud technologies preferably in AWS.
When you work with our client, you’ll be helping to design and build inspiring solutions that make a real impact on the online testing industry, as well as the educators and students we support.
Their systems are highly scaled and mission critical serving over a third of all students in grades 3-8 in the United States.
Their web applications are highly interactive and universally accessible.
Their machine scoring methods are driven by artificial intelligence allowing computers to perform such complex operations as grading essays with more accuracy than humans.
Their processes use intensive algorithmic computing allowing a customized experience for each student as the exam adapts real-time based upon answers given.
Why Work With Us?
When you work with our client, you’ll be helping to design and build inspiring solutions that make a real impact on the online testing industry, as well as the educators and students they support.
· Their systems are infinitely scalable and mission critical serving close to 1 million students simultaneously and over 60 million annually!
· Their machine scoring methods are driven by artificial intelligence allowing computers to perform such complex operations as grading essays with more accuracy than humans.· Our processes use intensive algorithmic computing allowing a customized experience for each student as the exam adapts real-time based upon answers given.
The hiring firm currently serves more than 1/3 of U.S. students with numerous patents and industry-standard certifications. In the 2018–2019 school year, they delivered more than 60 million tests to 860,000 simultaneous testers with an average 1/10 second response time. They have the most advanced features of any online testing system, and we continue to push boundaries for student performance measurement.
Their groundbreaking work includes:
· Advanced computer-adaptive algorithms· Mobile support of user interfaces· Learning management systems with social media features· Universally accessible user interfaces· Machine scorable items
Pay rate is competitive and depends on experience.
Exploratory calls welcome but no third parties, please.",United States,,,,Mid-Senior level,2026-04-03T19:11:50.000Z,"Founded in 1989, The Midtown Group pioneers 360-degree staffing services and solutions for organizations across both public and private sectors. Established as a certified women-owned business, Midtown is a rapidly expanding consultancy operating nationwide. Committed to delivering Red Carpet Service, Midtown ensures that all clients achieve their mission goals by providing customized staffing services and solutions with unparalleled speed and expertise, especially in mission-critical and urgent situations.

Since inception, Midtown's seasoned Program Management Office has crafted flexible solutions tailored to the unique needs and cultures of its clients, delivering those solutions with complete infrastructure and oversight in as little as two weeks. The team lives by the promise that every employee should “Love What They Do”, ensuring that all clients love the work delivered for them. For more information visit www.themidtowngroup.com.

As an industry leader, we consistently win awards for our growth & being the best at what we do. 

• #1 Largest Temporary Staffing Company in DC – Washington Business Journal, 2025
• Inc. 5000: Fastest-Growing Private Companies in America – Inc. Magazine, 2025
• Inc. Regionals: Mid-Atlantic Fastest Growing Companies – Inc. Magazine, 2025
• Fastest Growing Staffing Firms in US – Staffing Industry Analysts, 2025
• Largest Staffing Firms in US – Staffing Industry Analysts, 2025
• Largest Private Companies in DC – Washington Business Journal, 2025
• Fastest Growing Companies in DC – Washington Business Journal, 2025
• #6 Largest Women-Owned Business in DC – Washington Business Journal, 2025
• Staffing 100 North America – Staffing Industry Analysts, 2025
• Best Workplaces in America – Inc. Magazine, 2025
• Best Places to Work in Greater DC– Washington Business Journal, 2025
• Diversity-Owned Staffing Firms – Staffing Industry Analysts, 2025
• Corporate Philanthropy Honoree – Washington Business Journal, 2025",http://www.themidtowngroup.com,IT Services and IT Consulting and Education Administration Programs,200,https://www.linkedin.com/jobs/view/senior-software-engineer-net-at-the-midtown-group-4397335856?refId=ptem9mV3%2FzCA4VDz5OSPFw%3D%3D&trackingId=kdT4edN46fSj0BJicRFwtw%3D%3D&position=12&pageNum=0
Talent Haus,Senior Accountant,Accounting/Auditing,"We're partnering with a fast-growing, PE-backed EdTech company looking for highly motivated Senior Accountant based in New York. This company builds software for K-12 schools across the country meaningful work with a real mission behind it. This is a ground-floor opportunity to join a lean, high-performing finance team and make an immediate impact.
About the RoleReporting directly to the Director of Accounting, you'll own the day-to-day accounting operations and be a key contributor as the company continues to scale. It's for someone who wants real ownership, challenges the status quo, and is excited to help build something.What You'll OwnFull-cycle accounting: AP, payroll, journal entries, and month-end closeFinancial reporting to senior leadership and the boardSupporting annual audits and ensuring complianceIdentifying process improvements and contributing to systems optimization Partnering closely with the Director of Accounting on ad hoc finance and operations initiativesWhat We're Looking ForCPA required3+ ideally Big Four audit to start, with at least one year in a private or startup settingStrong technical accounting foundation with a bias for actionComfortable in ambiguity: you build the process, you don't just follow itQuickBooks and/or NetSuite experience a plusTax or payroll background a bonusCompensation & PerksAnnual performance bonus Medical, dental & vision benefitsHybrid schedule- approximately 2 days in-officeReal upward mobility- this role is built to grow into a leadership positionWork alongside a team of elite professionals- the caliber of colleagues here will push you and inspire you every day",New York City Metropolitan Area,,,,Mid-Senior level,2026-04-02T18:23:24.000Z,"At Talent Haus, we believe the right talent doesn’t just fill a role — it transforms a business. As a boutique executive search firm, we specialize in direct-hire placements within Accounting and Finance, helping companies build high-performing teams that drive growth and innovation.

Our Mission
To connect high-growth companies with exceptional Accounting & Finance professionals through a tailored, relationship-driven approach — fostering lasting partnerships built on trust, integrity, and measurable results.


",www.talent-haus.com,"Technology, Information and Media and Education",34,https://www.linkedin.com/jobs/view/senior-accountant-at-talent-haus-4395375472?refId=ptem9mV3%2FzCA4VDz5OSPFw%3D%3D&trackingId=C9d0Eh4MSHgcl%2Bs%2B3%2FO%2Fmw%3D%3D&position=5&pageNum=0